<?xml version="1.0" encoding="UTF-8"?>
<GenRun Id="impl_1" LaunchPart="xc7a35tcpg236-1" LaunchTime="1685633491">
  <File Type="ROUTE-PWR" Name="Game_Shell_power_routed.rpt"/>
  <File Type="PA-TCL" Name="Game_Shell.tcl"/>
  <File Type="BITSTR-MMI" Name="Game_Shell.mmi"/>
  <File Type="OPT-METHODOLOGY-DRC" Name="Game_Shell_methodology_drc_opted.rpt"/>
  <File Type="INIT-TIMING" Name="Game_Shell_timing_summary_init.rpt"/>
  <File Type="ROUTE-PWR-SUM" Name="Game_Shell_power_summary_routed.pb"/>
  <File Type="REPORTS-TCL" Name="Game_Shell_reports.tcl"/>
  <File Type="OPT-TIMING" Name="Game_Shell_timing_summary_opted.rpt"/>
  <File Type="OPT-DCP" Name="Game_Shell_opt.dcp"/>
  <File Type="OPT-DRC" Name="Game_Shell_drc_opted.rpt"/>
  <File Type="OPT-HWDEF" Name="Game_Shell.hwdef"/>
  <File Type="PWROPT-DCP" Name="Game_Shell_pwropt.dcp"/>
  <File Type="PWROPT-DRC" Name="Game_Shell_drc_pwropted.rpt"/>
  <File Type="PWROPT-TIMING" Name="Game_Shell_timing_summary_pwropted.rpt"/>
  <File Type="PLACE-DCP" Name="Game_Shell_placed.dcp"/>
  <File Type="PLACE-IO" Name="Game_Shell_io_placed.rpt"/>
  <File Type="PLACE-CLK" Name="Game_Shell_clock_utilization_placed.rpt"/>
  <File Type="PLACE-UTIL" Name="Game_Shell_utilization_placed.rpt"/>
  <File Type="PLACE-UTIL-PB" Name="Game_Shell_utilization_placed.pb"/>
  <File Type="PLACE-CTRL" Name="Game_Shell_control_sets_placed.rpt"/>
  <File Type="PLACE-SIMILARITY" Name="Game_Shell_incremental_reuse_placed.rpt"/>
  <File Type="PLACE-PRE-SIMILARITY" Name="Game_Shell_incremental_reuse_pre_placed.rpt"/>
  <File Type="BG-BIN" Name="Game_Shell.bin"/>
  <File Type="PLACE-TIMING" Name="Game_Shell_timing_summary_placed.rpt"/>
  <File Type="POSTPLACE-PWROPT-DCP" Name="Game_Shell_postplace_pwropt.dcp"/>
  <File Type="BITSTR-MSK" Name="Game_Shell.msk"/>
  <File Type="POSTPLACE-PWROPT-TIMING" Name="Game_Shell_timing_summary_postplace_pwropted.rpt"/>
  <File Type="PHYSOPT-DCP" Name="Game_Shell_physopt.dcp"/>
  <File Type="PHYSOPT-DRC" Name="Game_Shell_drc_physopted.rpt"/>
  <File Type="BITSTR-RBT" Name="Game_Shell.rbt"/>
  <File Type="PHYSOPT-TIMING" Name="Game_Shell_timing_summary_physopted.rpt"/>
  <File Type="ROUTE-ERROR-DCP" Name="Game_Shell_routed_error.dcp"/>
  <File Type="ROUTE-DCP" Name="Game_Shell_routed.dcp"/>
  <File Type="ROUTE-BLACKBOX-DCP" Name="Game_Shell_routed_bb.dcp"/>
  <File Type="ROUTE-DRC" Name="Game_Shell_drc_routed.rpt"/>
  <File Type="ROUTE-DRC-PB" Name="Game_Shell_drc_routed.pb"/>
  <File Type="ROUTE-DRC-RPX" Name="Game_Shell_drc_routed.rpx"/>
  <File Type="ROUTE-METHODOLOGY-DRC" Name="Game_Shell_methodology_drc_routed.rpt"/>
  <File Type="ROUTE-METHODOLOGY-DRC-RPX" Name="Game_Shell_methodology_drc_routed.rpx"/>
  <File Type="ROUTE-METHODOLOGY-DRC-PB" Name="Game_Shell_methodology_drc_routed.pb"/>
  <File Type="ROUTE-PWR-RPX" Name="Game_Shell_power_routed.rpx"/>
  <File Type="ROUTE-STATUS" Name="Game_Shell_route_status.rpt"/>
  <File Type="ROUTE-STATUS-PB" Name="Game_Shell_route_status.pb"/>
  <File Type="ROUTE-TIMINGSUMMARY" Name="Game_Shell_timing_summary_routed.rpt"/>
  <File Type="ROUTE-TIMING-PB" Name="Game_Shell_timing_summary_routed.pb"/>
  <File Type="ROUTE-TIMING-RPX" Name="Game_Shell_timing_summary_routed.rpx"/>
  <File Type="ROUTE-SIMILARITY" Name="Game_Shell_incremental_reuse_routed.rpt"/>
  <File Type="ROUTE-CLK" Name="Game_Shell_clock_utilization_routed.rpt"/>
  <File Type="ROUTE-BUS-SKEW" Name="Game_Shell_bus_skew_routed.rpt"/>
  <File Type="ROUTE-BUS-SKEW-PB" Name="Game_Shell_bus_skew_routed.pb"/>
  <File Type="ROUTE-BUS-SKEW-RPX" Name="Game_Shell_bus_skew_routed.rpx"/>
  <File Type="POSTROUTE-PHYSOPT-DCP" Name="Game_Shell_postroute_physopt.dcp"/>
  <File Type="POSTROUTE-PHYSOPT-BLACKBOX-DCP" Name="Game_Shell_postroute_physopt_bb.dcp"/>
  <File Type="POSTROUTE-PHYSOPT-TIMING" Name="Game_Shell_timing_summary_postroute_physopted.rpt"/>
  <File Type="POSTROUTE-PHYSOPT-TIMING-PB" Name="Game_Shell_timing_summary_postroute_physopted.pb"/>
  <File Type="POSTROUTE-PHYSOPT-TIMING-RPX" Name="Game_Shell_timing_summary_postroute_physopted.rpx"/>
  <File Type="POSTROUTE-PHYSOPT-BUS-SKEW" Name="Game_Shell_bus_skew_postroute_physopted.rpt"/>
  <File Type="BG-BIT" Name="Game_Shell.bit"/>
  <File Type="POSTROUTE-PHYSOPT-BUS-SKEW-PB" Name="Game_Shell_bus_skew_postroute_physopted.pb"/>
  <File Type="POSTROUTE-PHYSOPT-BUS-SKEW-RPX" Name="Game_Shell_bus_skew_postroute_physopted.rpx"/>
  <File Type="BITSTR-NKY" Name="Game_Shell.nky"/>
  <File Type="BITSTR-BMM" Name="Game_Shell_bd.bmm"/>
  <File Type="PDI-FILE" Name="Game_Shell.pdi"/>
  <File Type="RCFI_FILE" Name="Game_Shell.rcfi"/>
  <File Type="CFI_FILE" Name="Game_Shell.cfi"/>
  <File Type="RNPI_FILE" Name="Game_Shell.rnpi"/>
  <File Type="NPI_FILE" Name="Game_Shell.npi"/>
  <File Type="RBD_FILE" Name="Game_Shell.rbd"/>
  <File Type="BITSTR-LTX" Name="debug_nets.ltx"/>
  <File Type="BITSTR-LTX" Name="Game_Shell.ltx"/>
  <File Type="BITSTR-SYSDEF" Name="Game_Shell.sysdef"/>
  <File Type="BG-BGN" Name="Game_Shell.bgn"/>
  <File Type="BG-DRC" Name="Game_Shell.drc"/>
  <File Type="RDI-RDI" Name="Game_Shell.vdi"/>
  <File Type="WBT-USG" Name="usage_statistics_webtalk.html"/>
  <FileSet Name="sources" Type="DesignSrcs" RelSrcDir="$PSRCDIR/sources_1" RelGenDir="$PGENDIR/sources_1">
    <Filter Type="Srcs"/>
    <File Path="$PSRCDIR/sources_1/new/VGA_shell.vhd">
      <FileInfo>
        <Attr Name="UsedIn" Val="synthesis"/>
        <Attr Name="UsedIn" Val="simulation"/>
      </FileInfo>
    </File>
    <File Path="$PSRCDIR/sources_1/new/design.vhd">
      <FileInfo>
        <Attr Name="UsedIn" Val="synthesis"/>
        <Attr Name="UsedIn" Val="simulation"/>
      </FileInfo>
    </File>
    <File Path="$PSRCDIR/sources_1/new/letter_disp.vhd">
      <FileInfo>
        <Attr Name="UsedIn" Val="synthesis"/>
        <Attr Name="UsedIn" Val="simulation"/>
      </FileInfo>
    </File>
    <File Path="$PPRDIR/pclock_generation.vhd">
      <FileInfo>
        <Attr Name="UsedIn" Val="synthesis"/>
        <Attr Name="UsedIn" Val="simulation"/>
      </FileInfo>
    </File>
    <File Path="$PSRCDIR/sources_1/new/Game_Shell.vhd">
      <FileInfo>
        <Attr Name="UsedIn" Val="synthesis"/>
        <Attr Name="UsedIn" Val="simulation"/>
      </FileInfo>
    </File>
    <File Path="$PPRDIR/vga_test_pattern.vhd">
      <FileInfo>
        <Attr Name="UsedIn" Val="synthesis"/>
        <Attr Name="UsedIn" Val="simulation"/>
      </FileInfo>
    </File>
    <File Path="$PPRDIR/romvga.coe">
      <FileInfo>
        <Attr Name="UsedIn" Val="synthesis"/>
        <Attr Name="UsedIn" Val="simulation"/>
      </FileInfo>
    </File>
    <Config>
      <Option Name="DesignMode" Val="RTL"/>
      <Option Name="TopModule" Val="Game_Shell"/>
    </Config>
  </FileSet>
  <FileSet Name="constrs_in" Type="Constrs" RelSrcDir="$PSRCDIR/constrs_1">
    <Filter Type="Constrs"/>
    <File Path="$PPRDIR/Basys3_Master.xdc">
      <FileInfo>
        <Attr Name="UsedIn" Val="synthesis"/>
        <Attr Name="UsedIn" Val="implementation"/>
      </FileInfo>
    </File>
    <Config>
      <Option Name="ConstrsType" Val="XDC"/>
    </Config>
  </FileSet>
  <FileSet Name="utils" Type="Utils" RelSrcDir="$PSRCDIR/utils_1">
    <Filter Type="Utils"/>
    <File Path="$PSRCDIR/utils_1/imports/synth_1/VGA.dcp">
      <FileInfo>
        <Attr Name="UsedIn" Val="synthesis"/>
        <Attr Name="UsedIn" Val="implementation"/>
        <Attr Name="UsedInSteps" Val="synth_1"/>
        <Attr Name="AutoDcp" Val="1"/>
      </FileInfo>
    </File>
    <Config>
      <Option Name="TopAutoSet" Val="TRUE"/>
    </Config>
  </FileSet>
  <Strategy Version="1" Minor="2">
    <StratHandle Name="Vivado Implementation Defaults" Flow="Vivado Implementation 2021"/>
    <Step Id="init_design"/>
    <Step Id="opt_design"/>
    <Step Id="power_opt_design"/>
    <Step Id="place_design"/>
    <Step Id="post_place_power_opt_design"/>
    <Step Id="phys_opt_design"/>
    <Step Id="route_design"/>
    <Step Id="post_route_phys_opt_design"/>
    <Step Id="write_bitstream"/>
  </Strategy>
  <BlockFileSet Type="BlockSrcs" Name="bitmaps"/>
</GenRun>
